"list_id","name","uri","subscriber_count","member_count","mode","description","slug","full_name","created_at","following"
"x1432866642602700802","Covid","/esperto007/lists/1432866642602700802",0,7,"public","","1432866642602700802","@esperto007/1432866642602700802",2021-09-01 00:43:23,FALSE
"x1432865076432838660","Politics","/esperto007/lists/1432865076432838660",1,67,"public","","1432865076432838660","@esperto007/1432865076432838660",2021-09-01 00:37:10,FALSE
"x1432792720167391232","@tweetsauce / @Twubbler","/yxwui/lists/1432792720167391232",1,623,"public","Who @tweetsauce followed as of Aug 31 2021. Limited to 1000 randomly. -- Generated by @Twubbler","1432792720167391232","@yxwui/1432792720167391232",2021-08-31 19:49:39,FALSE
"x1432198998236880897","Politics","/Kevin0Connor/lists/1432198998236880897",0,50,"public","","1432198998236880897","@Kevin0Connor/1432198998236880897",2021-08-30 04:30:24,FALSE
"x1431609201650909193","All","/Groucho_AK/lists/1431609201650909193",0,98,"public","","1431609201650909193","@Groucho_AK/1431609201650909193",2021-08-28 13:26:46,FALSE
"x1431607982207426568","Politics & News","/lostidolsco/lists/1431607982207426568",0,18,"public","","1431607982207426568","@lostidolsco/1431607982207426568",2021-08-28 13:21:55,FALSE
"x1431248326004023296","ObjectiveNews","/zunran/lists/1431248326004023296",0,38,"public","","1431248326004023296","@zunran/1431248326004023296",2021-08-27 13:32:46,FALSE
"x1430987102129434629","National","/redknits/lists/1430987102129434629",1,33,"public","","1430987102129434629","@redknits/1430987102129434629",2021-08-26 20:14:46,FALSE
"x1430866668583071745","B","/az_shanbe/lists/1430866668583071745",0,11,"public","","1430866668583071745","@az_shanbe/1430866668583071745",2021-08-26 12:16:12,FALSE
"x1430832603121258498","Resisters ¬¶ Big","/c_tomstone/lists/1430832603121258498",14,843,"public","","1430832603121258498","@c_tomstone/1430832603121258498",2021-08-26 10:00:50,FALSE
"x1430817173489000448","US politics","/joakimsr91/lists/1430817173489000448",0,4,"public","","1430817173489000448","@joakimsr91/1430817173489000448",2021-08-26 08:59:32,FALSE
"x1430729785018363905","VeepsPeepsCivicsExplained","/Geechee4Kamala/lists/1430729785018363905",10,451,"public","News on POTUS, MVPHarris, coalition data, midterms, redistricting, political history & demographics","1430729785018363905","@Geechee4Kamala/1430729785018363905",2021-08-26 03:12:17,FALSE
"x1430705300617584640","Quant Finance","/KyleSchultz90/lists/1430705300617584640",3,56,"public","","1430705300617584640","@KyleSchultz90/1430705300617584640",2021-08-26 01:34:59,FALSE
"x1430637890749485057","1","/glt60/lists/1430637890749485057",0,6,"public","","1430637890749485057","@glt60/1430637890749485057",2021-08-25 21:07:07,FALSE
"x1430607804608483337","News/Politics","/billypilgrimis/lists/1430607804608483337",0,3,"public","","1430607804608483337","@billypilgrimis/1430607804608483337",2021-08-25 19:07:34,FALSE
"x1430567795595546626","ptx","/rodzyrodz/lists/1430567795595546626",1,69,"public","","1430567795595546626","@rodzyrodz/1430567795595546626",2021-08-25 16:28:35,FALSE
"x1429844464739225602","Health","/nakul66097760/lists/1429844464739225602",0,4,"public","","1429844464739225602","@nakul66097760/1429844464739225602",2021-08-23 16:34:20,FALSE
"x1429587836425101318","Journalists","/zblom/lists/1429587836425101318",1,159,"public","Not endorsements nor confirmation of credibility, in some cases‚Ä¶quite the opposite.","1429587836425101318","@zblom/1429587836425101318",2021-08-22 23:34:35,FALSE
"x1429102129143291904","Followed","/GrattMason/lists/1429102129143291904",0,4,"public","","1429102129143291904","@GrattMason/1429102129143291904",2021-08-21 15:24:33,FALSE
"x1428886533130571780","New","/bocaaddress/lists/1428886533130571780",0,48,"public","","1428886533130571780","@bocaaddress/1428886533130571780",2021-08-21 01:07:51,FALSE
"x1428874438691360774","POLLING+DATA üìä","/cons_bay/lists/1428874438691360774",0,31,"public","","1428874438691360774","@cons_bay/1428874438691360774",2021-08-21 00:19:48,FALSE
"x1428311701808730112","Coronavirus","/literaryeric/lists/1428311701808730112",0,8,"public","","1428311701808730112","@literaryeric/1428311701808730112",2021-08-19 11:03:41,FALSE
"x1428134206559772672","Politics","/angelinoblue/lists/1428134206559772672",0,56,"public","","1428134206559772672","@angelinoblue/1428134206559772672",2021-08-18 23:18:22,FALSE
"x1428102537241112578","TO FOLLOW","/TrueBlue4u2/lists/1428102537241112578",0,13,"public","When I can","1428102537241112578","@TrueBlue4u2/1428102537241112578",2021-08-18 21:12:32,FALSE
"x1427770697879752704","Politics / Public Policy","/HarveyLeon1066/lists/1427770697879752704",0,137,"public","Political news, opinions Policy options, opinions","1427770697879752704","@HarveyLeon1066/1427770697879752704",2021-08-17 23:13:55,FALSE
"x1427725753509048324","political news","/GeoffreyStone19/lists/1427725753509048324",0,22,"public","","1427725753509048324","@GeoffreyStone19/1427725753509048324",2021-08-17 20:15:20,FALSE
"x1427356839314804761","Politics","/paulkeene/lists/1427356839314804761",0,18,"public","","1427356839314804761","@paulkeene/1427356839314804761",2021-08-16 19:49:24,FALSE
"x1427347920270024712","Polls!","/AndrewStanton/lists/1427347920270024712",0,15,"public","","1427347920270024712","@AndrewStanton/1427347920270024712",2021-08-16 19:13:57,FALSE
"x1427347180310966276","COVID","/Nick_Simmons89/lists/1427347180310966276",0,20,"public","","1427347180310966276","@Nick_Simmons89/1427347180310966276",2021-08-16 19:11:01,FALSE
"x1427272641929482245","Journalists","/RocheMagnon/lists/1427272641929482245",0,21,"public","","1427272641929482245","@RocheMagnon/1427272641929482245",2021-08-16 14:14:49,FALSE
"x1427252494619627524","News","/izgloss/lists/1427252494619627524",0,18,"public","","1427252494619627524","@izgloss/1427252494619627524",2021-08-16 12:54:46,FALSE
"x1427165755272056835","2021","/RodrigoXII/lists/1427165755272056835",1,49,"public","","1427165755272056835","@RodrigoXII/1427165755272056835",2021-08-16 07:10:06,FALSE
"x1426982750549065732","Basics","/aj_isaacson/lists/1426982750549065732",0,13,"public","","1426982750549065732","@aj_isaacson/1426982750549065732",2021-08-15 19:02:54,FALSE
"x1426773643372158976","Not so great journalists","/tannerwoodworth/lists/1426773643372158976",0,16,"public","Journalists who are often wrong or misleading (but aren‚Äôt a misinformation factory), so be careful","1426773643372158976","@tannerwoodworth/1426773643372158976",2021-08-15 05:11:59,FALSE
"x1426525033606832130","covid","/goldenrod924/lists/1426525033606832130",0,9,"public","","1426525033606832130","@goldenrod924/1426525033606832130",2021-08-14 12:44:06,FALSE
"x1426292522251390985","Politics","/blumenfeldnate/lists/1426292522251390985",0,23,"public","","1426292522251390985","@blumenfeldnate/1426292522251390985",2021-08-13 21:20:11,FALSE
"x1425932347019468803","News","/givethineear/lists/1425932347019468803",1,89,"public","","1425932347019468803","@givethineear/1425932347019468803",2021-08-12 21:28:58,FALSE
"x1425920321182257154","Not To Get Political‚Ä¶","/FiyahAndy/lists/1425920321182257154",0,9,"public","","1425920321182257154","@FiyahAndy/1425920321182257154",2021-08-12 20:41:11,FALSE
"x1425855554119823367","@jack","/yxssxn/lists/1425855554119823367",5,4349,"public","Created and maintained by vicariously.io. Tweet @getvicarious for support.","1425855554119823367","@yxssxn/1425855554119823367",2021-08-12 16:23:49,FALSE
"x1425839942522052612","Other Sports‚öΩüéæ‚õ≥ü•äüèíüèÖüèÖ","/MAXVV3LL/lists/1425839942522052612",1,144,"public","","1425839942522052612","@MAXVV3LL/1425839942522052612",2021-08-12 15:21:47,FALSE
"x1425833074609119238","Journalists & Editors üì∞","/MAXVV3LL/lists/1425833074609119238",0,27,"public","","1425833074609119238","@MAXVV3LL/1425833074609119238",2021-08-12 14:54:30,FALSE
"x1425456000891461635","Indian Equity Birds","/Avis_K/lists/1425456000891461635",0,192,"public","","1425456000891461635","@Avis_K/1425456000891461635",2021-08-11 13:56:08,FALSE
"x1425439628086194178","Applied Behavioural Sci","/beapplied/lists/1425439628086194178",26,36,"public","List of useful studies, leaders in the field, and content in behavioural science & hiring.","1425439628086194178","@beapplied/1425439628086194178",2021-08-11 12:51:05,FALSE
"x1425357890345332738","Disease","/aartijain33/lists/1425357890345332738",2,770,"public","","1425357890345332738","@aartijain33/1425357890345332738",2021-08-11 07:26:17,FALSE
"x1425309446641643521","COVID","/LizHIVHep/lists/1425309446641643521",1,142,"public","","1425309446641643521","@LizHIVHep/1425309446641643521",2021-08-11 04:13:47,FALSE
"x1425280664526626816","Economic/Political","/MassifCap/lists/1425280664526626816",0,35,"public","","1425280664526626816","@MassifCap/1425280664526626816",2021-08-11 02:19:25,FALSE
"x1425072591031652352","Data & Analytics - MLB","/sabermetryka/lists/1425072591031652352",1,65,"public","Statystyki, analiza, dane...","1425072591031652352","@sabermetryka/1425072591031652352",2021-08-10 12:32:36,FALSE
"x1424900638941466624","Health","/hsviburnum/lists/1424900638941466624",0,21,"public","","1424900638941466624","@hsviburnum/1424900638941466624",2021-08-10 01:09:20,FALSE
"x1424858473230180354","Journalism","/MIT_SHASS/lists/1424858473230180354",1,82,"public","","1424858473230180354","@MIT_SHASS/1424858473230180354",2021-08-09 22:21:47,FALSE
"x1424812590069391374","Digital Assets","/dtapscott/lists/1424812590069391374",10,1901,"public","The influencers, thought leaders, and experts in Digital Assets","1424812590069391374","@dtapscott/1424812590069391374",2021-08-09 19:19:27,FALSE
"x1424810292429606913","Healthcare News","/hoosier_to/lists/1424810292429606913",0,14,"public","","1424810292429606913","@hoosier_to/1424810292429606913",2021-08-09 19:10:20,FALSE
"x1424777684769382435","Politics","/St33zyOne/lists/1424777684769382435",0,24,"public","","1424777684769382435","@St33zyOne/1424777684769382435",2021-08-09 17:00:45,FALSE
"x1424771733425463303","COVID news","/packerman120/lists/1424771733425463303",0,7,"public","","1424771733425463303","@packerman120/1424771733425463303",2021-08-09 16:37:06,FALSE
"x1424259670697517056","C","/char1eshampton/lists/1424259670697517056",1,145,"public","","1424259670697517056","@char1eshampton/1424259670697517056",2021-08-08 06:42:21,FALSE
"x1424259116248219648","retroity‚Äôs tl","/glowyyalex/lists/1424259116248219648",51,671,"public","retroity timeline except private accounts","1424259116248219648","@glowyyalex/1424259116248219648",2021-08-08 06:40:09,FALSE
"x1424254968555393028","News","/AtlasRise2/lists/1424254968555393028",0,22,"public","","1424254968555393028","@AtlasRise2/1424254968555393028",2021-08-08 06:23:40,FALSE
"x1423797850429788161","Political","/PunkinsPapa/lists/1423797850429788161",0,4,"public","","1423797850429788161","@PunkinsPapa/1423797850429788161",2021-08-07 00:07:15,FALSE
"x1423641949551005696","Politics","/QuothTheHaven/lists/1423641949551005696",1,29,"public","","1423641949551005696","@QuothTheHaven/1423641949551005696",2021-08-06 13:47:45,FALSE
"x1423371148570542090","Lnwoledge","/PegasusRomeo/lists/1423371148570542090",0,1,"public","","1423371148570542090","@PegasusRomeo/1423371148570542090",2021-08-05 19:51:41,FALSE
"x1423353295737864194","Neolib4Life","/blooperchirp/lists/1423353295737864194",0,13,"public","","1423353295737864194","@blooperchirp/1423353295737864194",2021-08-05 18:40:44,FALSE
"x1423323290249043974","Traders","/spicy_clamat0/lists/1423323290249043974",1,272,"public","","1423323290249043974","@spicy_clamat0/1423323290249043974",2021-08-05 16:41:31,FALSE
"x1423033464945659908","Wise Guys","/pmace/lists/1423033464945659908",0,35,"public","","1423033464945659908","@pmace/1423033464945659908",2021-08-04 21:29:51,FALSE
"x1423010862961410055","dumb motherfuckers","/ratemybrainworm/lists/1423010862961410055",0,37,"public","just flat out the dumbest motherfuckers on here. truly stupid assholes.","1423010862961410055","@ratemybrainworm/1423010862961410055",2021-08-04 20:00:02,FALSE
"x1422991929126449152","News","/coby__joseph/lists/1422991929126449152",1,155,"public","","1422991929126449152","@coby__joseph/1422991929126449152",2021-08-04 18:44:48,FALSE
"x1422767360046342144","Newsletter Creators","/nickrfrost/lists/1422767360046342144",6,1094,"public","Follow for updates from newsletter creators and check out @newslettersco for tips and advice.","1422767360046342144","@nickrfrost/1422767360046342144",2021-08-04 03:52:27,FALSE
"x1422735983204765702","Elections","/normanmellis/lists/1422735983204765702",0,32,"public","","1422735983204765702","@normanmellis/1422735983204765702",2021-08-04 01:47:46,FALSE
"x1422664259922583555","üëÄVisual NewsüëÄ","/wc3po/lists/1422664259922583555",0,22,"public","","1422664259922583555","@wc3po/1422664259922583555",2021-08-03 21:02:46,FALSE
"x1422655790180151297","2 Forecasting","/chumunculus/lists/1422655790180151297",0,9,"public","","1422655790180151297","@chumunculus/1422655790180151297",2021-08-03 20:29:06,FALSE
"x1422634652242780161","Reporters","/kt65755330/lists/1422634652242780161",0,74,"public","","1422634652242780161","@kt65755330/1422634652242780161",2021-08-03 19:05:07,FALSE
"x1422367527783567360","silver","/johnelw01729374/lists/1422367527783567360",0,1,"public","","1422367527783567360","@johnelw01729374/1422367527783567360",2021-08-03 01:23:39,FALSE
"x1422331358794305537","COVID Info","/RealMattHollar/lists/1422331358794305537",0,5,"public","","1422331358794305537","@RealMattHollar/1422331358794305537",2021-08-02 22:59:56,FALSE
"x1422293472682381313","Democracy","/ssnich/lists/1422293472682381313",1,8,"public","","1422293472682381313","@ssnich/1422293472682381313",2021-08-02 20:29:23,FALSE
"x1421896391157182464","Polls.","/G__Hurst/lists/1421896391157182464",0,27,"public","Polls","1421896391157182464","@G__Hurst/1421896391157182464",2021-08-01 18:11:31,FALSE
"x1421669350843449347","Politics","/kjltweet/lists/1421669350843449347",0,7,"public","","1421669350843449347","@kjltweet/1421669350843449347",2021-08-01 03:09:21,FALSE
"x1421662027135680517","Politics","/kjleftin/lists/1421662027135680517",0,5,"public","","1421662027135680517","@kjleftin/1421662027135680517",2021-08-01 02:40:15,FALSE
"x1421514001196933126","MLB","/ydouright/lists/1421514001196933126",0,33,"public","","1421514001196933126","@ydouright/1421514001196933126",2021-07-31 16:52:02,FALSE
"x1421241209822060552","Polls & Stats","/tuckersowell/lists/1421241209822060552",0,4,"public","","1421241209822060552","@tuckersowell/1421241209822060552",2021-07-30 22:48:04,FALSE
"x1421121931672227847","Covid","/notoriousTAG/lists/1421121931672227847",0,34,"public","","1421121931672227847","@notoriousTAG/1421121931672227847",2021-07-30 14:54:06,FALSE
"x1421076161778569217","Big Topics","/shortl2021/lists/1421076161778569217",0,21,"public","","1421076161778569217","@shortl2021/1421076161778569217",2021-07-30 11:52:13,FALSE
"x1420902255138533377","Politics (US)","/forttheead/lists/1420902255138533377",0,123,"public","","1420902255138533377","@forttheead/1420902255138533377",2021-07-30 00:21:11,FALSE
"x1420890268165939205","Politics","/wjh236/lists/1420890268165939205",0,13,"public","","1420890268165939205","@wjh236/1420890268165939205",2021-07-29 23:33:33,FALSE
"x1420849182747803649","MINE","/GarySharp1620/lists/1420849182747803649",0,411,"public","","1420849182747803649","@GarySharp1620/1420849182747803649",2021-07-29 20:50:17,FALSE
"x1420713978255323142","Math Favorites","/PopCultureMath/lists/1420713978255323142",0,13,"public","Leading mathematic minds and tweets","1420713978255323142","@PopCultureMath/1420713978255323142",2021-07-29 11:53:02,FALSE
"x1420391752696049669","brain worm hall of fame","/ratemybrainworm/lists/1420391752696049669",0,29,"public","only the best brain worm infected shitbags","1420391752696049669","@ratemybrainworm/1420391752696049669",2021-07-28 14:32:38,FALSE
"x1420277774863015938","pol_wahlen_us","/gu_sch/lists/1420277774863015938",0,13,"public","","1420277774863015938","@gu_sch/1420277774863015938",2021-07-28 06:59:43,FALSE
"x1420238811678773248","U.S. Elections","/breadedcircus/lists/1420238811678773248",0,28,"public","","1420238811678773248","@breadedcircus/1420238811678773248",2021-07-28 04:24:54,FALSE
"x1420188188367261701","N√º≈æ","/levjoy/lists/1420188188367261701",0,33,"public","","1420188188367261701","@levjoy/1420188188367261701",2021-07-28 01:03:44,FALSE
"x1420067496166518784","Smart People","/msmartin0208/lists/1420067496166518784",0,38,"public","","1420067496166518784","@msmartin0208/1420067496166518784",2021-07-27 17:04:09,FALSE
"x1419634758972215297","Health and Vaccines","/Ponzian/lists/1419634758972215297",0,5,"public","","1419634758972215297","@Ponzian/1419634758972215297",2021-07-26 12:24:36,FALSE
"x1419421975374712840","COVID-19","/_andzrev/lists/1419421975374712840",0,87,"public","","1419421975374712840","@_andzrev/1419421975374712840",2021-07-25 22:19:05,FALSE
"x1419366998455246850","News","/ChrisUhas/lists/1419366998455246850",2,467,"public","","1419366998455246850","@ChrisUhas/1419366998455246850",2021-07-25 18:40:37,FALSE
"x1419348342438518789","Levine List","/J_MuirheadGould/lists/1419348342438518789",0,5,"public","","1419348342438518789","@J_MuirheadGould/1419348342438518789",2021-07-25 17:26:29,FALSE
"x1419203512509079553","Coisas de fora","/GrbrHumanities/lists/1419203512509079553",0,64,"public","Politica internacional ou coisas de fora","1419203512509079553","@GrbrHumanities/1419203512509079553",2021-07-25 07:50:59,FALSE
"x1418758617398972420","pundits and politicians","/kaofaolain/lists/1418758617398972420",3,187,"public","","1418758617398972420","@kaofaolain/1418758617398972420",2021-07-24 02:23:08,FALSE
"x1418619126180950017","Politics","/wallyskrz/lists/1418619126180950017",0,66,"public","","1418619126180950017","@wallyskrz/1418619126180950017",2021-07-23 17:08:51,FALSE
"x1418561549946572801","Favorites","/dvstrngr/lists/1418561549946572801",0,3,"public","","1418561549946572801","@dvstrngr/1418561549946572801",2021-07-23 13:20:03,FALSE
"x1418147031751614468","Politics","/BropeJim/lists/1418147031751614468",0,7,"public","","1418147031751614468","@BropeJim/1418147031751614468",2021-07-22 09:52:54,FALSE
"x1417499391561277440","Smooth Brains","/ZSS69420/lists/1417499391561277440",5,545,"public","","1417499391561277440","@ZSS69420/1417499391561277440",2021-07-20 14:59:25,FALSE
"x1417400819314532352","Stats, maps, #viz & lists","/Loukas_RS/lists/1417400819314532352",0,74,"public","Accessible presentation of complex issues. Focus on climate, conflict, politics and economics.","1417400819314532352","@Loukas_RS/1417400819314532352",2021-07-20 08:27:44,FALSE
"x1416765368811597829","USA","/theewaggingtail/lists/1416765368811597829",2,517,"public","News & politics.","1416765368811597829","@theewaggingtail/1416765368811597829",2021-07-18 14:22:40,FALSE
"x1416548779109478400","Thought Leaders 3","/data_engineer1/lists/1416548779109478400",0,50,"public","Thought Leaders","1416548779109478400","@data_engineer1/1416548779109478400",2021-07-18 00:02:01,FALSE
"x1416517641951268864","Favorites","/DougS_SF/lists/1416517641951268864",0,29,"public","","1416517641951268864","@DougS_SF/1416517641951268864",2021-07-17 21:58:18,FALSE
"x1416484151193071618","L1","/giuIatesta/lists/1416484151193071618",2,747,"public","","1416484151193071618","@giuIatesta/1416484151193071618",2021-07-17 19:45:13,FALSE
"x1416277782171054080","News","/Sunnyroos/lists/1416277782171054080",0,28,"public","","1416277782171054080","@Sunnyroos/1416277782171054080",2021-07-17 06:05:11,FALSE
"x1416227771320315908","Psephology & polling","/petermgrund/lists/1416227771320315908",0,11,"public","","1416227771320315908","@petermgrund/1416227771320315908",2021-07-17 02:46:27,FALSE
"x1416137969086439425","Kort overzicht","/95_martijn/lists/1416137969086439425",0,24,"public","","1416137969086439425","@95_martijn/1416137969086439425",2021-07-16 20:49:37,FALSE
"x1416023603871719424","Policy News","/hey_harrington/lists/1416023603871719424",1,53,"public","","1416023603871719424","@hey_harrington/1416023603871719424",2021-07-16 13:15:10,FALSE
"x1415297115090079744","News","/BeckyJo8kids/lists/1415297115090079744",0,145,"public","","1415297115090079744","@BeckyJo8kids/1415297115090079744",2021-07-14 13:08:21,FALSE
"x1415183910913277954","Politics","/VirenMohindra/lists/1415183910913277954",0,21,"public","Republican-heavy Twitter List.","1415183910913277954","@VirenMohindra/1415183910913277954",2021-07-14 05:38:31,FALSE
"x1414937371053903874","Polls","/SmarketsNews/lists/1414937371053903874",1,49,"public","Polling, pollsters and predictors.","1414937371053903874","@SmarketsNews/1414937371053903874",2021-07-13 13:18:52,FALSE
"x1414445069621420034","Nat'l Politics","/CarterNews/lists/1414445069621420034",0,19,"public","","1414445069621420034","@CarterNews/1414445069621420034",2021-07-12 04:42:38,FALSE
"x1414393674633420801","Politics","/mattefay/lists/1414393674633420801",1,23,"public","","1414393674633420801","@mattefay/1414393674633420801",2021-07-12 01:18:24,FALSE
"x1413983892965634054","Premier","/PShacDaddy/lists/1413983892965634054",0,33,"public","","1413983892965634054","@PShacDaddy/1413983892965634054",2021-07-10 22:10:05,FALSE
"x1413872855519952896","Politics","/PShacDaddy/lists/1413872855519952896",0,59,"public","","1413872855519952896","@PShacDaddy/1413872855519952896",2021-07-10 14:48:51,FALSE
"x1413699519783440389","Famous Economist","/louisUMD/lists/1413699519783440389",0,37,"public","","1413699519783440389","@louisUMD/1413699519783440389",2021-07-10 03:20:05,FALSE
"x1413545928640765953","politics","/pattenferreira/lists/1413545928640765953",0,11,"public","","1413545928640765953","@pattenferreira/1413545928640765953",2021-07-09 17:09:46,FALSE
"x1413360380164849665","Data and whatnot","/MaggieMarshTN/lists/1413360380164849665",0,24,"public","","1413360380164849665","@MaggieMarshTN/1413360380164849665",2021-07-09 04:52:28,FALSE
"x1413199263358726148","Lib","/tastyartichokes/lists/1413199263358726148",0,44,"public","","1413199263358726148","@tastyartichokes/1413199263358726148",2021-07-08 18:12:15,FALSE
"x1413118800363458560","DeFi","/yakirrotem/lists/1413118800363458560",13,1798,"public","","1413118800363458560","@yakirrotem/1413118800363458560",2021-07-08 12:52:31,FALSE
"x1412665245533757445","aStuffs","/kellyrusselli9/lists/1412665245533757445",0,84,"public","","1412665245533757445","@kellyrusselli9/1412665245533757445",2021-07-07 06:50:15,FALSE
"x1412494299632132113","Politics & Politicians","/dbot23/lists/1412494299632132113",0,68,"public","","1412494299632132113","@dbot23/1412494299632132113",2021-07-06 19:30:58,FALSE
"x1412492843197808640","Sports - National","/dbot23/lists/1412492843197808640",0,33,"public","","1412492843197808640","@dbot23/1412492843197808640",2021-07-06 19:25:11,FALSE
"x1412162130984509449","MUST","/derinkocer/lists/1412162130984509449",0,97,"public","","1412162130984509449","@derinkocer/1412162130984509449",2021-07-05 21:31:03,FALSE
"x1411721589234847744","BestOf","/econo_r/lists/1411721589234847744",0,26,"public","For daily CRE/Econ/Mkts News","1411721589234847744","@econo_r/1411721589234847744",2021-07-04 16:20:30,FALSE
"x1411245145941479426","phl43's Timeline","/r_delome/lists/1411245145941479426",18,1229,"public","A duplicate of phl43's timeline. Includes all the accounts he follows as of july 2021.","1411245145941479426","@r_delome/1411245145941479426",2021-07-03 08:47:17,FALSE
"x1411163284137340933","Od Ed Two","/odyssean_edu/lists/1411163284137340933",0,115,"public","","1411163284137340933","@odyssean_edu/1411163284137340933",2021-07-03 03:21:59,FALSE
"x1411094614728183810","philia","/camposlf/lists/1411094614728183810",2,94,"public","","1411094614728183810","@camposlf/1411094614728183810",2021-07-02 22:49:07,FALSE
"x1410833546122469377","POLITICS","/IsaacHilton12/lists/1410833546122469377",0,12,"public","","1410833546122469377","@IsaacHilton12/1410833546122469377",2021-07-02 05:31:44,FALSE
"x1410453321161211907","Election","/rajseaborn/lists/1410453321161211907",0,6,"public","","1410453321161211907","@rajseaborn/1410453321161211907",2021-07-01 04:20:51,FALSE
"x1410270514367578113","COVID updates","/gypsyxfade/lists/1410270514367578113",1,59,"public","","1410270514367578113","@gypsyxfade/1410270514367578113",2021-06-30 16:14:26,FALSE
"x1410216859249614849","big-follow-list","/gro_tsen/lists/1410216859249614849",1,136,"public","Larger version of my follow-list","1410216859249614849","@gro_tsen/1410216859249614849",2021-06-30 12:41:14,FALSE
"x1410130175447212034","Following","/tonykoutsoumbos/lists/1410130175447212034",1,96,"public","","1410130175447212034","@tonykoutsoumbos/1410130175447212034",2021-06-30 06:56:47,FALSE
"x1410049908778979331","Elections","/ZainJafri328/lists/1410049908778979331",0,5,"public","","1410049908778979331","@ZainJafri328/1410049908778979331",2021-06-30 01:37:50,FALSE
"x1410005448456032260","Journos","/ChrisShort/lists/1410005448456032260",2,189,"public","Journalists, editors, reporters, writers, etc.","1410005448456032260","@ChrisShort/1410005448456032260",2021-06-29 22:41:10,FALSE
"x1409848985381228544","Business","/TLans72/lists/1409848985381228544",0,17,"public","","1409848985381228544","@TLans72/1409848985381228544",2021-06-29 12:19:26,FALSE
"x1409561109670072333","politics","/owentho84819622/lists/1409561109670072333",0,2,"public","","1409561109670072333","@owentho84819622/1409561109670072333",2021-06-28 17:15:31,FALSE
"x1409544280813809664","Economics","/all3points/lists/1409544280813809664",0,12,"public","","1409544280813809664","@all3points/1409544280813809664",2021-06-28 16:08:39,FALSE
"x1409434553492647944","Politics","/LucianoNocente/lists/1409434553492647944",0,97,"public","","1409434553492647944","@LucianoNocente/1409434553492647944",2021-06-28 08:52:38,FALSE
"x1409234589202145280","Essential","/FebinKach/lists/1409234589202145280",0,44,"public","","1409234589202145280","@FebinKach/1409234589202145280",2021-06-27 19:38:03,FALSE
"x1408891432019140609","News","/deanpettinga/lists/1408891432019140609",0,10,"public","","1408891432019140609","@deanpettinga/1408891432019140609",2021-06-26 20:54:27,FALSE
"x1408772954264150021","News of the world","/ananke23/lists/1408772954264150021",1,18,"public","","1408772954264150021","@ananke23/1408772954264150021",2021-06-26 13:03:40,FALSE
"x1408638553047904256","Election Analysts","/mrjrlove/lists/1408638553047904256",0,8,"public","","1408638553047904256","@mrjrlove/1408638553047904256",2021-06-26 04:09:36,FALSE
"x1408244913217568769","Favorites of politics","/webvyger/lists/1408244913217568769",3,57,"public","","1408244913217568769","@webvyger/1408244913217568769",2021-06-25 02:05:25,FALSE
"x1408134011608834058","democracy reform peeps","/macbrower/lists/1408134011608834058",0,19,"public","","1408134011608834058","@macbrower/1408134011608834058",2021-06-24 18:44:44,FALSE
"x1408021103440769034","Politics","/Michael46674332/lists/1408021103440769034",0,115,"public","","1408021103440769034","@Michael46674332/1408021103440769034",2021-06-24 11:16:05,FALSE
"x1407720837868838915","COVID-19 Analysis","/JonEndean/lists/1407720837868838915",0,35,"public","","1407720837868838915","@JonEndean/1407720837868838915",2021-06-23 15:22:56,FALSE
"x1407496662289772545","nycpol üçé","/bluechoochoo/lists/1407496662289772545",7,91,"public","Originally created for #nycprimary. Now a decent way to follow #nystate news.","1407496662289772545","@bluechoochoo/1407496662289772545",2021-06-23 00:32:08,FALSE
"x1407361746050981893","Timeline2","/JoakimLingo/lists/1407361746050981893",1,55,"public","","1407361746050981893","@JoakimLingo/1407361746050981893",2021-06-22 15:36:02,FALSE
"x1407293938633949188","Economists","/glennlau_/lists/1407293938633949188",0,4,"public","","1407293938633949188","@glennlau_/1407293938633949188",2021-06-22 11:06:35,FALSE
"x1407253366170808324","News","/VirenMohindra/lists/1407253366170808324",1,95,"public","Verified News People","1407253366170808324","@VirenMohindra/1407253366170808324",2021-06-22 08:25:22,FALSE
"x1407097422363336704","American Personalities","/deefreebc/lists/1407097422363336704",0,15,"public","","1407097422363336704","@deefreebc/1407097422363336704",2021-06-21 22:05:42,FALSE
"x1406841734873579521","Political Numbers","/HendrickTownley/lists/1406841734873579521",0,7,"public","","1406841734873579521","@HendrickTownley/1406841734873579521",2021-06-21 05:09:42,FALSE
"x1406591539883560962","Stats/Data","/timteow/lists/1406591539883560962",0,20,"public","","1406591539883560962","@timteow/1406591539883560962",2021-06-20 12:35:30,FALSE
"x1406323766171418631","Politics","/Qusai_E_Saif/lists/1406323766171418631",0,16,"public","","1406323766171418631","@Qusai_E_Saif/1406323766171418631",2021-06-19 18:51:28,FALSE
"x1406278366127398922","Random people","/witmer_anthony/lists/1406278366127398922",0,13,"public","","1406278366127398922","@witmer_anthony/1406278366127398922",2021-06-19 15:51:04,FALSE
"x1406277991412514834","Research","/brandonpinkston/lists/1406277991412514834",0,524,"public","","1406277991412514834","@brandonpinkston/1406277991412514834",2021-06-19 15:49:35,FALSE
"x1406081968010416135","Pol","/Aki98355988/lists/1406081968010416135",1,188,"public","","1406081968010416135","@Aki98355988/1406081968010416135",2021-06-19 02:50:39,FALSE
"x1405909278154625027","Writers and commentators","/ybexel/lists/1405909278154625027",1,161,"public","Articulate nodes","1405909278154625027","@ybexel/1405909278154625027",2021-06-18 15:24:27,FALSE
"x1405296633181442048","Brain Trust","/theindicator/lists/1405296633181442048",5,138,"public","Every person and organization that have inspired us to think wider and deeper.","1405296633181442048","@theindicator/1405296633181442048",2021-06-16 22:50:01,FALSE
"x1405148890064633861","@computersociety","/derekryandev/lists/1405148890064633861",5,915,"public","Following of @ComputerSociety","1405148890064633861","@derekryandev/1405148890064633861",2021-06-16 13:02:56,FALSE
"x1405109115513294850","Fiverr","/5rrData/lists/1405109115513294850",8,3229,"public","","1405109115513294850","@5rrData/1405109115513294850",2021-06-16 10:24:53,FALSE
"x1404745214858825728","Politics","/bmtc_nz/lists/1404745214858825728",1,8,"public","","1404745214858825728","@bmtc_nz/1404745214858825728",2021-06-15 10:18:52,FALSE
"x1404604581401743363","Pieces of Shit","/flacitadsombras/lists/1404604581401743363",0,163,"public","","1404604581401743363","@flacitadsombras/1404604581401743363",2021-06-15 01:00:03,FALSE
"x1404558851177947139","Rational voices","/HershyNove/lists/1404558851177947139",1,7,"public","Rational, logical, and smart voices from Left, Right, and center","1404558851177947139","@HershyNove/1404558851177947139",2021-06-14 21:58:20,FALSE
"x1404408719543259140","Marketing Pol√≠tico","/luciouberdan/lists/1404408719543259140",3,63,"public","","1404408719543259140","@luciouberdan/1404408719543259140",2021-06-14 12:01:46,FALSE
"x1404275790771113991","NYC Mayoral/Muncipal 2021","/Phazzsays1/lists/1404275790771113991",6,188,"public","Trump‚Äôs gone. But elections and insanity hasn‚Äôt stopped.","1404275790771113991","@Phazzsays1/1404275790771113991",2021-06-14 03:13:33,FALSE
"x1404216653114744837","NC News","/LivyPolen/lists/1404216653114744837",9,188,"public","","1404216653114744837","@LivyPolen/1404216653114744837",2021-06-13 23:18:33,FALSE
"x1403895974049714178","US pundits","/amjadhamz/lists/1403895974049714178",1,13,"public","","1403895974049714178","@amjadhamz/1403895974049714178",2021-06-13 02:04:17,FALSE
"x1403509364875423748","Political","/LATroutgirl/lists/1403509364875423748",0,38,"public","","1403509364875423748","@LATroutgirl/1403509364875423748",2021-06-12 00:28:03,FALSE
"x1403368853279813636","Journalists/Reporters","/US_Senate_Staff/lists/1403368853279813636",1,112,"public","","1403368853279813636","@US_Senate_Staff/1403368853279813636",2021-06-11 15:09:42,FALSE
"x1403238808565420032","Writers","/HeavyMetalWhelk/lists/1403238808565420032",0,22,"public","","1403238808565420032","@HeavyMetalWhelk/1403238808565420032",2021-06-11 06:32:57,FALSE
"x1402937268608831490","Coffee with Scott Adams","/AdamDopamine/lists/1402937268608831490",320,36,"public","Scott‚Äôs list of Truth Tellers and recommended follows","1402937268608831490","@AdamDopamine/1402937268608831490",2021-06-10 10:34:44,FALSE
"x1402806218977071107","communication breakdown.","/DinneyAshley/lists/1402806218977071107",3,255,"public","legit shit. #journalism that breaks it down.","1402806218977071107","@DinneyAshley/1402806218977071107",2021-06-10 01:54:00,FALSE
"x1402722740038082562","Timeline","/goodboi111/lists/1402722740038082562",5,1110,"public","","1402722740038082562","@goodboi111/1402722740038082562",2021-06-09 20:22:17,FALSE
"x1402631079819988999","VMP","/Balex60100/lists/1402631079819988999",0,28,"public","","1402631079819988999","@Balex60100/1402631079819988999",2021-06-09 14:18:03,FALSE
"x1402310364587511809","Politics","/butterscottch1/lists/1402310364587511809",2,108,"public","","1402310364587511809","@butterscottch1/1402310364587511809",2021-06-08 17:03:39,FALSE
"x1401652998036729864","Politics Insights","/realdavidmunson/lists/1401652998036729864",1,24,"public","","1401652998036729864","@realdavidmunson/1401652998036729864",2021-06-06 21:31:30,FALSE
"x1401637125758521344","Politics","/SamGoodstein1/lists/1401637125758521344",0,5,"public","","1401637125758521344","@SamGoodstein1/1401637125758521344",2021-06-06 20:28:26,FALSE
"x1401633198916964355","FinClub","/JohnAmySilver/lists/1401633198916964355",0,127,"public","üéØüåäüòÇ Be Water.","1401633198916964355","@JohnAmySilver/1401633198916964355",2021-06-06 20:12:50,FALSE
"x1401532970947776514","Rational","/Qeh2R/lists/1401532970947776514",1,33,"public","","1401532970947776514","@Qeh2R/1401532970947776514",2021-06-06 13:34:34,FALSE
"x1401246043191316481","News","/ChuckWatson/lists/1401246043191316481",1,129,"public","","1401246043191316481","@ChuckWatson/1401246043191316481",2021-06-05 18:34:25,FALSE
"x1401195990560935938","politics","/immichaelwang/lists/1401195990560935938",0,60,"public","","1401195990560935938","@immichaelwang/1401195990560935938",2021-06-05 15:15:31,FALSE
"x1400968681191059456","Nates","/west10mont/lists/1400968681191059456",0,2,"public","","1400968681191059456","@west10mont/1400968681191059456",2021-06-05 00:12:16,FALSE
"x1400782530954076164","Politics","/aaronterr1/lists/1400782530954076164",0,19,"public","","1400782530954076164","@aaronterr1/1400782530954076164",2021-06-04 11:52:35,FALSE
"x1400649700131418117","News","/jemma111/lists/1400649700131418117",0,95,"public","","1400649700131418117","@jemma111/1400649700131418117",2021-06-04 03:04:45,FALSE
"x1400601724973240320","Code x Journalism","/ritvvijparrikh/lists/1400601724973240320",1,50,"public","Doers who use code+data for reporting and storytelling. #DataJournalism #ComputationalJournalism","1400601724973240320","@ritvvijparrikh/1400601724973240320",2021-06-03 23:54:07,FALSE
"x1400600730839420929","Tutmonda Politiko","/kunlaborulo/lists/1400600730839420929",2,82,"public","","1400600730839420929","@kunlaborulo/1400600730839420929",2021-06-03 23:50:10,FALSE
"x1400495598877515782","√âtats-Unis","/egosumtheo/lists/1400495598877515782",2,104,"public","Compilation du monde politique, culturel et social √©tats-unien.","1400495598877515782","@egosumtheo/1400495598877515782",2021-06-03 16:52:25,FALSE
"x1400447235410776065","Politics","/billyroth/lists/1400447235410776065",0,12,"public","","1400447235410776065","@billyroth/1400447235410776065",2021-06-03 13:40:14,FALSE
"x1400077704100188160","Political Consulting","/FastPolitics/lists/1400077704100188160",1,26,"public","","1400077704100188160","@FastPolitics/1400077704100188160",2021-06-02 13:11:51,FALSE
"x1399743036301758466","Quality accounts","/schumgzz/lists/1399743036301758466",3,113,"public","You are all valuable voices. I wish you all would engage with each other with open minds.","1399743036301758466","@schumgzz/1399743036301758466",2021-06-01 15:02:00,FALSE
"x1399731027636015105","News people","/SuburbanHero3/lists/1399731027636015105",0,54,"public","People who tweet about news","1399731027636015105","@SuburbanHero3/1399731027636015105",2021-06-01 14:14:17,FALSE
"x1399563863150919684","Adam List","/MannyParallag/lists/1399563863150919684",0,418,"public","","1399563863150919684","@MannyParallag/1399563863150919684",2021-06-01 03:10:02,FALSE
"x1399481607040425987","zz_tier2","/r_y_a_n__t/lists/1399481607040425987",0,126,"public","","1399481607040425987","@r_y_a_n__t/1399481607040425987",2021-05-31 21:43:10,FALSE
"x1399343841975623685","Punditry","/jcadeson/lists/1399343841975623685",0,18,"public","","1399343841975623685","@jcadeson/1399343841975623685",2021-05-31 12:35:45,FALSE
"x1399187149484806145","Media","/richardludlow/lists/1399187149484806145",0,18,"public","","1399187149484806145","@richardludlow/1399187149484806145",2021-05-31 02:13:06,FALSE
"x1398928173501501441","Cicero","/StoicChimp/lists/1398928173501501441",6,436,"public","","1398928173501501441","@StoicChimp/1398928173501501441",2021-05-30 09:04:02,FALSE
"x1398687938481995782","Polls","/FastPolitics/lists/1398687938481995782",0,20,"public","Sondaggi da tutto il mondo","1398687938481995782","@FastPolitics/1398687938481995782",2021-05-29 17:09:25,FALSE
"x1398670121149685764","Politics and Policy üëçüó≥üëé","/CoryTV/lists/1398670121149685764",2,15,"public","Critical views and hot takes on the political issues of this nation.","1398670121149685764","@CoryTV/1398670121149685764",2021-05-29 15:58:37,FALSE
"x1398636746145820674","Politics","/C_Acuff2/lists/1398636746145820674",0,26,"public","","1398636746145820674","@C_Acuff2/1398636746145820674",2021-05-29 13:46:00,FALSE
"x1398628872640413698","Corona centrists","/ChiragAtrey/lists/1398628872640413698",7,36,"public","Corona centrism and data analysis","1398628872640413698","@ChiragAtrey/1398628872640413698",2021-05-29 13:14:43,FALSE
"x1398566468552466432","NYT","/mauroleoslopez/lists/1398566468552466432",0,12,"public","","1398566468552466432","@mauroleoslopez/1398566468552466432",2021-05-29 09:06:44,FALSE
"x1398422168954937344","LDS","/DustinDraper8/lists/1398422168954937344",0,40,"public","","1398422168954937344","@DustinDraper8/1398422168954937344",2021-05-28 23:33:21,FALSE
"x1398141313313214474","Online media","/theworldsodizzy/lists/1398141313313214474",0,23,"public","","1398141313313214474","@theworldsodizzy/1398141313313214474",2021-05-28 04:57:19,FALSE
"x1397382497277775880","Politics","/joe_magneto/lists/politics-60683",0,33,"public","","politics-60683","@joe_magneto/politics-60683",2021-05-26 02:42:04,FALSE
"x1397367883043311616","üëÄüëÄüëÄ","/pete_pipes/lists/smarty-pantz-s-90389",0,49,"public","","smarty-pantz-s-90389","@pete_pipes/smarty-pantz-s-90389",2021-05-26 01:43:59,FALSE
"x1397328383936241664","Thinkers","/wmdanielwhite/lists/thinkers-12918",2,19,"public","","thinkers-12918","@wmdanielwhite/thinkers-12918",2021-05-25 23:07:02,FALSE
"x1397316401304530945","US Politics","/CP_Dane/lists/us-politics-22038",2,35,"public","","us-politics-22038","@CP_Dane/us-politics-22038",2021-05-25 22:19:25,FALSE
"x1397224883604570115","Political stuff","/Uman2631/lists/political-stuff-14514",1,66,"public","","political-stuff-14514","@Uman2631/political-stuff-14514",2021-05-25 16:15:46,FALSE
"x1397026893220782084","Nerd","/llapamy/lists/nerd-43377",0,19,"public","","nerd-43377","@llapamy/nerd-43377",2021-05-25 03:09:01,FALSE
"x1396922512685010950","Politics","/swalker2m/lists/politics-98985",1,8,"public","","politics-98985","@swalker2m/politics-98985",2021-05-24 20:14:15,FALSE
"x1396809160876990468","Economy","/acorryecon8/lists/economy-74696",0,14,"public","","economy-74696","@acorryecon8/economy-74696",2021-05-24 12:43:50,FALSE
"x1396686219304751106","Media Voting Rights","/PromoteRights/lists/media-voting-rights-14437",0,20,"public","","media-voting-rights-14437","@PromoteRights/media-voting-rights-14437",2021-05-24 04:35:18,FALSE
"x1396576767666700288","POLITICS","/handle155/lists/politics-13074",1,26,"public","","politics-13074","@handle155/politics-13074",2021-05-23 21:20:23,FALSE
"x1396574716941541377","Politics","/JBaskettcase/lists/politics-13726",1,31,"public","","politics-13726","@JBaskettcase/politics-13726",2021-05-23 21:12:14,FALSE
"x1395769110106198016","uspol","/ufjedefall/lists/uspol-75928",0,9,"public","","uspol-75928","@ufjedefall/uspol-75928",2021-05-21 15:51:02,FALSE
"x1395763695519735822","Politics","/ZachZalewski1/lists/politics-87122",1,16,"public","","politics-87122","@ZachZalewski1/politics-87122",2021-05-21 15:29:31,FALSE
"x1395742096565309444","Experts","/RobertS83007261/lists/experts-13824",3,142,"public","Folks who know.","experts-13824","@RobertS83007261/experts-13824",2021-05-21 14:03:42,FALSE
"x1395422384941723649","News&Politics","/Tinister/lists/politics-15305",2,9,"public","","politics-15305","@Tinister/politics-15305",2021-05-20 16:53:16,FALSE
"x1394992095090335744","News/Journalists GoodnBad","/samra_steven/lists/journalists-good-n-bad-10185",5,405,"public","Finding the best - and worst - of our vaunted ""information disseminators.""","journalists-good-n-bad-10185","@samra_steven/journalists-good-n-bad-10185",2021-05-19 12:23:27,FALSE
"x1394955470721462272","US","/roy__green/lists/us-33496",0,87,"public","","us-33496","@roy__green/us-33496",2021-05-19 09:57:55,FALSE
"x1394917595967639552","US Politics","/MikeChurchLdn/lists/us-politics-88344",2,20,"public","US Politics","us-politics-88344","@MikeChurchLdn/us-politics-88344",2021-05-19 07:27:25,FALSE
"x1394423881528659974","Politics","/Keeens2324/lists/politics-13737",156,28,"public","","politics-13737","@Keeens2324/politics-13737",2021-05-17 22:45:35,FALSE
