"user","user_id"
"annapurani93","x101609102"
"annapurani93","x4053091"
"annapurani93","x857979456580972544"
"annapurani93","x1301152657256611842"
"annapurani93","x722857290982952961"
"annapurani93","x867056358381596672"
"annapurani93","x1409831544068378637"
"annapurani93","x483273973"
"annapurani93","x404895983"
"annapurani93","x400749820"
"annapurani93","x304466939"
"annapurani93","x560250234"
"annapurani93","x3254807333"
"annapurani93","x3199856542"
"annapurani93","x47332433"
"annapurani93","x20409347"
"annapurani93","x733643261429092352"
"annapurani93","x326077427"
"annapurani93","x1679260675"
"annapurani93","x882783298291773440"
"annapurani93","x1072945536"
"annapurani93","x700124462"
"annapurani93","x1266702087913721856"
"annapurani93","x742999729873784832"
"annapurani93","x1387085102254014472"
"annapurani93","x401833300"
"annapurani93","x2544177302"
"annapurani93","x4049253672"
"annapurani93","x1215516763024003074"
"annapurani93","x3146735425"
"annapurani93","x519769200"
"annapurani93","x1823987821"
"annapurani93","x229564414"
"annapurani93","x10915042"
"annapurani93","x1041040523283161088"
"annapurani93","x1066015766"
"annapurani93","x889623559424794624"
"annapurani93","x255561720"
"annapurani93","x509187346"
"annapurani93","x181124588"
"annapurani93","x4706665425"
"annapurani93","x1018296820752158725"
"annapurani93","x1139059532"
"annapurani93","x1261405834153779200"
"annapurani93","x1308070133861101569"
"annapurani93","x551600672"
"annapurani93","x35757891"
"annapurani93","x2300329224"
"annapurani93","x1067491504531431424"
"annapurani93","x867687554744672257"
"annapurani93","x114211971"
"annapurani93","x1342853287045902336"
"annapurani93","x742439902697099264"
"annapurani93","x1068514013070278656"
"annapurani93","x182480339"
"annapurani93","x17097802"
"annapurani93","x1346087773724409857"
"annapurani93","x297525085"
"annapurani93","x1158109936146092033"
"annapurani93","x193570697"
"annapurani93","x575111574"
"annapurani93","x3958405758"
"annapurani93","x1117919197"
"annapurani93","x924522502994489344"
"annapurani93","x968852384712622082"
"annapurani93","x368551889"
"annapurani93","x333980319"
"annapurani93","x334461893"
"annapurani93","x1211667561173020672"
"annapurani93","x458647237"
"annapurani93","x1392826357"
"annapurani93","x815113741"
"annapurani93","x77165420"
"annapurani93","x52853730"
"annapurani93","x14109167"
"annapurani93","x2489702532"
"annapurani93","x1216880506593325058"
"annapurani93","x1017524021171310592"
"annapurani93","x1002212251"
"annapurani93","x1201186872"
"annapurani93","x808051518242979841"
"annapurani93","x293830501"
"annapurani93","x5058231"
"annapurani93","x347339057"
"annapurani93","x190857410"
"annapurani93","x1215604990645014528"
"annapurani93","x2995632970"
"annapurani93","x1272756659257999363"
"annapurani93","x1262295372787077125"
"annapurani93","x617291546"
"annapurani93","x1264756842044878848"
"annapurani93","x856223700638674945"
"annapurani93","x492509260"
"annapurani93","x196461869"
"annapurani93","x1234136874"
"annapurani93","x445767176"
"annapurani93","x164627125"
"annapurani93","x101474181"
"annapurani93","x54680395"
"annapurani93","x2755234002"
"annapurani93","x735172705498996736"
"annapurani93","x836424642"
"annapurani93","x701504334341734400"
"annapurani93","x1359003756063514624"
"annapurani93","x513351911"
"annapurani93","x2440258777"
"annapurani93","x80422885"
"annapurani93","x2784943856"
"annapurani93","x1403757308459372547"
"annapurani93","x57871391"
"annapurani93","x1888872744"
"annapurani93","x14792516"
"annapurani93","x1211285580346093575"
"annapurani93","x1215334356367171585"
"annapurani93","x1668100142"
"annapurani93","x1124090383657361408"
"annapurani93","x44092347"
"annapurani93","x20167623"
"annapurani93","x393033324"
"annapurani93","x14174897"
"annapurani93","x3018841323"
"annapurani93","x1568606814"
"annapurani93","x1150225184604872704"
"annapurani93","x303687748"
"annapurani93","x499584878"
"annapurani93","x1186330112897105920"
"annapurani93","x1353244441281228802"
"annapurani93","x805914326066348032"
"annapurani93","x1268152105694400512"
"annapurani93","x13074042"
"annapurani93","x69133574"
"annapurani93","x1280779280579022848"
"annapurani93","x1241814552"
"annapurani93","x3092381638"
"annapurani93","x983470194982088704"
"annapurani93","x1203623631856779264"
"annapurani93","x66640172"
"annapurani93","x295344317"
"annapurani93","x235261861"
"annapurani93","x4597853354"
"annapurani93","x1098849494"
"annapurani93","x1119202751718645760"
"annapurani93","x980970876639133696"
"annapurani93","x339578040"
"annapurani93","x2982927911"
"annapurani93","x1682880740"
"annapurani93","x125499050"
"annapurani93","x814151081110470656"
"annapurani93","x987645988037976065"
"annapurani93","x1011817655957893120"
"annapurani93","x3581811079"
"annapurani93","x1314426482215723008"
"annapurani93","x169406591"
"annapurani93","x590327724"
"annapurani93","x814076978554761216"
"annapurani93","x2518221319"
"annapurani93","x3275226366"
"annapurani93","x213547290"
"annapurani93","x2417474178"
"annapurani93","x70380871"
"annapurani93","x211813364"
"annapurani93","x335921707"
"annapurani93","x15307415"
"annapurani93","x1048062691057623043"
"annapurani93","x46045384"
"annapurani93","x166021944"
"annapurani93","x2527544179"
"annapurani93","x1423037012"
"annapurani93","x3145137192"
"annapurani93","x164425558"
"annapurani93","x714731566828793857"
"annapurani93","x527083751"
"annapurani93","x137976519"
"annapurani93","x1015453975586304005"
"annapurani93","x5120691"
"annapurani93","x75835859"
"annapurani93","x953572315182149632"
"annapurani93","x28563472"
"annapurani93","x885174741308293120"
"annapurani93","x17507350"
"annapurani93","x120311006"
"annapurani93","x46868027"
"annapurani93","x2913648054"
"annapurani93","x1127877450690510849"
"annapurani93","x984819159371481091"
"annapurani93","x366154590"
"annapurani93","x81837447"
"annapurani93","x837791145006628865"
"annapurani93","x917575440398671872"
"annapurani93","x33453611"
"annapurani93","x234043631"
"annapurani93","x783214"
"annapurani93","x1585403238"
"annapurani93","x548209907"
"annapurani93","x30035108"
"annapurani93","x1006302665310121984"
"annapurani93","x127863830"
"annapurani93","x881856510900318208"
"annapurani93","x17463140"
"annapurani93","x131745867"
"annapurani93","x16362021"
"annapurani93","x1667685589"
"annapurani93","x34566917"
"annapurani93","x11695052"
"annapurani93","x158451341"
"annapurani93","x1337785291"
"annapurani93","x200733680"
"annapurani93","x1967462364"
"annapurani93","x2654543552"
"annapurani93","x20751449"
"annapurani93","x15443742"
"annapurani93","x722316630793932800"
"annapurani93","x1579422614"
"annapurani93","x20519820"
"annapurani93","x3069818882"
"annapurani93","x797206"
"annapurani93","x235564870"
"annapurani93","x2233107853"
"annapurani93","x299531128"
